,Age,Sex,Job,Housing,Saving accounts,Checking account,Credit amount,Duration,Purpose_vacation/others,Purpose_business,Purpose_car,Purpose_domestic appliances,Purpose_education,Purpose_furniture/equipment,Purpose_radio/TV,Purpose_repairs,Purpose_vacation/others,Risk
0,67,1,2,1,4,0,1169,6,0,0,0,0,0,0,1,0,0,1
1,22,0,2,1,0,1,5951,48,0,0,0,0,0,0,1,0,0,0
2,49,1,1,1,0,3,2096,12,0,0,0,0,1,0,0,0,0,1
3,45,1,2,0,0,0,7882,42,0,0,0,0,0,1,0,0,0,1
4,53,1,2,0,0,0,4870,24,0,0,1,0,0,0,0,0,0,0
5,35,1,1,0,4,3,9055,36,0,0,0,0,1,0,0,0,0,1
6,53,1,2,1,2,3,2835,24,0,0,0,0,0,1,0,0,0,1
7,35,1,3,2,0,1,6948,36,0,0,1,0,0,0,0,0,0,1
8,61,1,1,1,3,3,3059,12,0,0,0,0,0,0,1,0,0,1
9,28,1,3,1,0,1,5234,30,0,0,1,0,0,0,0,0,0,0
10,25,0,2,2,0,1,1295,12,0,0,1,0,0,0,0,0,0,0
11,24,0,2,2,0,0,4308,48,0,1,0,0,0,0,0,0,0,0
12,22,0,2,1,0,1,1567,12,0,0,0,0,0,0,1,0,0,1
13,60,1,1,1,0,0,1199,24,0,0,1,0,0,0,0,0,0,0
14,28,0,2,2,0,0,1403,15,0,0,1,0,0,0,0,0,0,1
15,32,0,1,1,1,0,1282,24,0,0,0,0,0,0,1,0,0,0
16,53,1,2,1,4,3,2424,24,0,0,0,0,0,0,1,0,0,1
17,25,1,2,1,4,0,8072,30,0,1,0,0,0,0,0,0,0,1
18,44,0,3,0,0,1,12579,24,0,0,1,0,0,0,0,0,0,0
19,31,1,2,1,2,3,3430,24,0,0,0,0,0,0,1,0,0,1
20,48,1,2,1,0,3,2134,9,0,0,1,0,0,0,0,0,0,1
21,44,1,2,2,2,0,2647,6,0,0,0,0,0,0,1,0,0,1
22,48,1,1,2,0,0,2241,10,0,0,1,0,0,0,0,0,0,1
23,44,1,2,1,1,1,1804,12,0,0,1,0,0,0,0,0,0,1
24,26,1,2,1,4,3,2069,10,0,0,0,0,0,1,0,0,0,1
25,36,1,1,1,0,0,1374,6,0,0,0,0,0,1,0,0,0,1
26,39,1,1,1,0,3,426,6,0,0,0,0,0,0,1,0,0,1
27,42,0,2,2,3,2,409,12,0,0,0,0,0,0,1,0,0,1
28,34,1,2,1,0,1,2415,7,0,0,0,0,0,0,1,0,0,1
29,63,1,2,1,0,0,6836,60,0,1,0,0,0,0,0,0,0,0
30,36,1,2,1,3,1,1913,18,0,1,0,0,0,0,0,0,0,1
31,27,1,2,1,0,0,4020,24,0,0,0,0,0,1,0,0,0,1
32,30,1,2,1,1,1,5866,18,0,0,1,0,0,0,0,0,0,1
33,57,1,1,2,4,3,1264,12,0,1,0,0,0,0,0,0,0,1
34,33,0,3,1,0,2,1474,12,0,0,0,0,0,1,0,0,0,1
35,25,1,1,1,0,1,4746,45,0,0,0,0,0,0,1,0,0,0
36,31,1,2,0,0,3,6110,48,0,0,0,0,1,0,0,0,0,1
37,37,1,2,1,0,2,2100,18,0,0,0,0,0,0,1,0,0,0
38,37,1,2,1,0,2,1225,10,0,0,0,1,0,0,0,0,0,1
39,24,1,2,1,0,1,458,9,0,0,0,0,0,0,1,0,0,1
40,30,1,3,1,2,3,2333,30,0,0,0,0,0,0,1,0,0,1
41,26,1,2,1,2,1,1158,12,0,0,0,0,0,0,1,0,0,1
42,44,1,1,1,0,1,6204,18,0,0,0,0,0,0,0,1,0,1
43,24,1,2,2,1,0,6187,30,0,0,1,0,0,0,0,0,0,1
44,58,0,1,0,0,0,6143,48,0,0,1,0,0,0,0,0,0,0
45,35,0,3,1,0,3,1393,11,0,0,1,0,0,0,0,0,0,1
46,39,1,2,1,2,3,2299,36,0,0,0,0,0,0,1,0,0,1
47,23,0,0,2,2,0,1352,6,0,0,1,0,0,0,0,0,0,1
48,39,1,1,1,0,3,7228,11,0,0,1,0,0,0,0,0,0,1
49,28,0,2,1,1,3,2073,12,0,0,0,0,0,0,1,0,0,1
50,29,1,1,1,4,1,2333,24,0,0,0,0,0,1,0,0,0,1
51,30,1,3,1,0,1,5965,27,0,0,1,0,0,0,0,0,0,1
52,25,1,2,1,0,3,1262,12,0,0,0,0,0,0,1,0,0,1
53,31,1,2,1,4,3,3378,18,0,0,1,0,0,0,0,0,0,1
54,57,1,2,0,0,1,2225,36,0,0,1,0,0,0,0,0,0,0
55,26,1,1,1,4,3,783,6,0,0,1,0,0,0,0,0,0,1
56,52,1,3,1,4,1,6468,12,0,0,0,0,0,0,1,0,0,0
57,31,0,2,1,0,3,9566,36,0,0,0,0,0,0,1,0,0,1
58,23,0,3,1,0,2,1961,18,0,0,1,0,0,0,0,0,0,1
59,23,0,1,2,0,0,6229,36,0,0,0,0,0,1,0,0,0,0
60,27,1,2,1,0,1,1391,9,0,1,0,0,0,0,0,0,0,1
61,50,1,2,1,4,1,1537,15,0,0,0,0,0,0,1,0,0,1
62,61,1,3,0,0,1,1953,36,0,1,0,0,0,0,0,0,0,0
63,25,1,2,1,0,1,14421,48,0,1,0,0,0,0,0,0,0,0
64,26,0,2,1,0,3,3181,24,0,0,0,0,0,0,1,0,0,1
65,48,1,2,1,4,3,5190,27,0,0,0,0,0,0,0,1,0,1
66,29,0,2,1,0,3,2171,12,0,0,0,0,0,0,1,0,0,1
67,22,1,2,1,3,1,1007,12,0,0,1,0,0,0,0,0,0,1
68,37,1,2,0,0,3,1819,36,0,0,0,0,1,0,0,0,0,0
69,25,0,2,1,4,3,2394,36,0,0,0,0,0,0,1,0,0,1
70,30,0,2,1,0,3,8133,36,0,0,1,0,0,0,0,0,0,1
71,46,1,1,2,4,3,730,7,0,0,0,0,0,0,1,0,0,1
72,51,1,3,0,0,0,1164,8,1,0,0,0,0,0,0,0,1,1
73,41,0,1,1,0,1,5954,42,0,1,0,0,0,0,0,0,0,1
74,40,1,3,1,4,0,1977,36,0,0,0,0,1,0,0,0,0,0
75,66,1,3,0,0,0,1526,12,0,0,1,0,0,0,0,0,0,1
76,34,1,2,1,0,0,3965,42,0,0,0,0,0,0,1,0,0,0
77,51,1,2,1,0,1,4771,11,0,0,0,0,0,0,1,0,0,1
78,39,1,1,1,4,3,9436,54,0,0,1,0,0,0,0,0,0,1
79,22,1,2,1,0,1,3832,30,0,0,0,0,0,1,0,0,0,1
80,44,0,2,1,4,3,5943,24,0,0,0,0,0,0,1,0,0,0
81,47,1,2,1,2,3,1213,15,0,0,0,0,0,0,1,0,0,1
82,24,0,1,2,1,3,1568,18,0,1,0,0,0,0,0,0,0,1
83,58,0,1,1,0,0,1755,24,1,0,0,0,0,0,0,0,1,1
84,52,1,1,1,0,0,2315,10,0,0,0,0,0,0,1,0,0,1
85,29,0,3,1,0,3,1412,12,0,1,0,0,0,0,0,0,0,1
86,27,0,2,1,0,1,1295,18,0,0,0,0,0,1,0,0,0,1
87,47,1,2,0,1,1,12612,36,0,0,0,0,1,0,0,0,0,0
88,30,1,3,1,1,0,2249,18,0,0,1,0,0,0,0,0,0,1
89,28,1,2,1,0,0,1108,12,0,0,0,0,0,0,0,1,0,0
90,56,1,2,1,0,3,618,12,0,0,0,0,0,0,1,0,0,1
91,54,1,2,1,0,0,1409,12,0,0,1,0,0,0,0,0,0,1
92,33,0,1,1,4,3,797,12,0,0,0,0,0,0,1,0,0,0
93,20,1,2,2,4,2,3617,24,0,0,0,0,0,1,0,0,0,1
94,54,1,2,1,3,1,1318,12,0,0,1,0,0,0,0,0,0,1
95,58,1,2,2,0,1,15945,54,0,1,0,0,0,0,0,0,0,0
96,61,0,2,1,4,3,2012,12,0,0,0,0,1,0,0,0,0,1
97,34,1,2,1,1,1,2622,18,0,1,0,0,0,0,0,0,0,1
98,36,1,2,1,0,1,2337,36,0,0,0,0,0,0,1,0,0,1
99,36,1,3,2,4,1,7057,20,0,0,1,0,0,0,0,0,0,1
100,41,1,1,2,1,3,1469,24,0,0,1,0,0,0,0,0,0,1
101,24,1,2,2,0,1,2323,36,0,0,0,0,0,0,1,0,0,1
102,24,0,2,1,0,3,932,6,0,0,0,0,0,0,1,0,0,1
103,35,1,2,2,0,1,1919,9,0,0,0,0,0,1,0,0,0,1
104,26,1,2,2,4,3,2445,12,0,0,1,0,0,0,0,0,0,1
105,39,1,3,1,0,1,11938,24,1,0,0,0,0,0,0,0,1,0
106,39,1,3,1,0,3,6458,18,0,0,1,0,0,0,0,0,0,0
107,32,1,2,1,0,1,6078,12,0,0,1,0,0,0,0,0,0,1
108,30,0,2,1,4,0,7721,24,0,0,0,0,0,1,0,0,0,1
109,35,1,2,1,2,1,1410,14,0,1,0,0,0,0,0,0,0,1
110,31,1,2,1,1,1,1449,6,0,1,0,0,0,0,0,0,0,1
111,23,0,2,2,0,2,392,15,0,0,0,0,1,0,0,0,0,1
112,28,1,1,2,0,1,6260,18,0,0,1,0,0,0,0,0,0,1
113,25,0,2,1,0,3,7855,36,0,0,1,0,0,0,0,0,0,0
114,35,1,2,1,2,0,1680,12,0,0,0,0,0,0,1,0,0,1
115,47,1,2,1,4,3,3578,48,0,0,0,0,0,0,1,0,0,1
116,30,0,3,1,4,0,7174,42,0,0,0,0,0,0,1,0,0,0
117,27,0,2,2,4,0,2132,10,0,0,0,0,0,1,0,0,0,1
118,23,0,2,1,2,0,4281,33,0,0,0,0,0,1,0,0,0,0
119,36,1,3,1,2,1,2366,12,0,0,1,0,0,0,0,0,0,1
120,25,0,2,1,0,0,1835,21,0,0,0,0,0,0,1,0,0,0
121,41,0,3,2,0,3,3868,24,0,0,1,0,0,0,0,0,0,1
122,24,1,1,2,0,3,1768,12,0,0,0,0,0,1,0,0,0,1
123,63,1,2,0,0,2,781,10,0,0,1,0,0,0,0,0,0,1
124,27,0,2,2,4,1,1924,18,0,0,0,0,0,1,0,0,0,0
125,30,1,2,1,0,0,2121,12,0,0,1,0,0,0,0,0,0,1
126,40,1,1,1,0,0,701,12,0,0,0,0,0,0,1,0,0,1
127,30,1,2,1,0,1,639,12,0,0,0,0,0,0,0,1,0,0
128,34,1,3,1,0,1,1860,12,0,0,1,0,0,0,0,0,0,1
129,29,0,2,1,0,0,3499,12,0,0,1,0,0,0,0,0,0,0
130,24,0,2,1,4,1,8487,48,0,0,1,0,0,0,0,0,0,1
131,29,1,2,1,0,0,6887,36,0,0,0,0,1,0,0,0,0,0
132,27,1,1,1,0,3,2708,15,0,0,0,0,0,1,0,0,0,1
133,47,1,2,0,0,3,1984,18,0,0,0,0,0,1,0,0,0,1
134,21,0,2,1,1,3,10144,60,0,0,0,0,0,0,1,0,0,1
135,38,0,2,1,4,3,1240,12,0,0,0,0,0,0,1,0,0,1
136,27,1,2,1,3,3,8613,27,0,0,1,0,0,0,0,0,0,1
137,66,1,1,1,2,1,766,12,0,0,0,0,0,0,1,0,0,0
138,35,1,2,1,4,1,2728,15,0,0,0,0,0,0,1,0,0,1
139,44,0,1,2,0,2,1881,12,0,0,0,0,0,0,1,0,0,1
140,27,1,0,1,3,2,709,6,0,0,1,0,0,0,0,0,0,1
141,30,0,3,1,0,1,4795,36,0,0,0,0,0,0,1,0,0,1
142,27,1,3,1,0,0,3416,27,0,0,0,0,0,0,1,0,0,1
143,22,1,2,1,0,0,2462,18,0,0,0,0,0,1,0,0,0,0
144,23,0,2,1,0,3,2288,21,0,0,0,0,0,1,0,0,0,1
145,30,1,2,1,1,1,3566,48,0,1,0,0,0,0,0,0,0,1
146,39,0,2,1,0,0,860,6,0,0,1,0,0,0,0,0,0,1
147,51,0,2,1,1,3,682,12,0,0,1,0,0,0,0,0,0,1
148,28,1,2,1,0,0,5371,36,0,0,0,0,0,1,0,0,0,1
149,46,1,2,1,3,3,1582,18,0,0,0,0,0,0,1,0,0,1
150,42,1,2,0,1,3,1346,6,0,0,0,0,0,0,1,0,0,1
151,38,1,2,1,0,3,1924,10,0,0,0,0,0,0,1,0,0,1
152,24,1,2,1,0,2,5848,36,0,0,0,0,0,0,1,0,0,1
153,29,0,2,2,3,1,7758,24,0,0,1,0,0,0,0,0,0,1
154,36,1,3,2,1,1,6967,24,0,1,0,0,0,0,0,0,0,1
155,20,0,2,2,0,0,1282,12,0,0,0,0,0,1,0,0,0,0
156,48,1,2,1,1,0,1288,9,0,0,0,0,0,0,0,1,0,1
157,45,1,1,1,0,0,339,12,0,0,0,0,1,0,0,0,0,1
158,38,1,2,1,1,1,3512,24,0,0,1,0,0,0,0,0,0,1
159,34,1,1,1,4,3,1898,6,0,0,0,0,0,0,1,0,0,1
160,36,1,2,1,1,3,2872,24,0,0,0,0,0,0,1,0,0,1
161,30,0,2,1,0,3,1055,18,0,0,1,0,0,0,0,0,0,1
162,36,1,2,1,2,3,1262,15,0,0,0,1,0,0,0,0,0,1
163,70,1,3,0,0,1,7308,10,0,0,1,0,0,0,0,0,0,1
164,36,1,2,1,2,3,909,36,0,0,1,0,0,0,0,0,0,1
165,32,1,2,1,2,3,2978,6,0,0,0,0,0,1,0,0,0,1
166,33,0,2,1,0,0,1131,18,0,0,0,0,0,1,0,0,0,0
167,20,0,2,1,3,1,1577,11,0,0,0,0,0,1,0,0,0,1
168,25,0,2,2,0,3,3972,24,0,0,0,0,0,1,0,0,0,1
169,31,1,2,1,0,1,1935,24,0,1,0,0,0,0,0,0,0,0
170,33,1,2,2,0,0,950,15,0,0,1,0,0,0,0,0,0,0
171,26,0,2,1,0,3,763,12,0,0,0,0,0,1,0,0,0,1
172,34,0,3,1,0,1,2064,24,0,0,0,0,0,1,0,0,0,0
173,33,1,2,1,0,1,1414,8,0,0,0,0,0,0,1,0,0,1
174,26,1,2,1,0,0,3414,21,0,0,0,0,1,0,0,0,0,0
175,53,0,3,1,4,3,7485,30,0,0,1,0,0,0,0,0,0,0
176,42,1,2,1,0,0,2577,12,0,0,0,0,0,1,0,0,0,1
177,52,1,2,1,2,0,338,6,0,0,0,0,0,0,1,0,0,1
178,31,1,3,2,0,3,1963,12,0,0,0,0,0,0,1,0,0,1
179,65,1,2,1,0,0,571,21,0,0,1,0,0,0,0,0,0,1
180,28,1,2,1,0,3,9572,36,0,1,0,0,0,0,0,0,0,0
181,30,1,3,1,0,1,4455,36,0,1,0,0,0,0,0,0,0,0
182,40,1,1,1,4,0,1647,21,0,0,1,0,0,0,0,0,0,0
183,50,1,2,1,3,3,3777,24,0,0,0,0,0,1,0,0,0,1
184,36,1,2,1,0,1,884,18,0,0,1,0,0,0,0,0,0,0
185,31,1,2,1,0,3,1360,15,0,0,0,0,0,0,1,0,0,1
186,74,0,3,0,0,1,5129,9,0,0,1,0,0,0,0,0,0,0
187,68,1,0,0,0,1,1175,16,0,0,1,0,0,0,0,0,0,1
188,20,1,2,1,1,0,674,12,0,0,0,0,0,0,1,0,0,0
189,33,0,2,1,0,1,3244,18,0,0,0,0,0,1,0,0,0,1
190,54,1,3,1,3,3,4591,24,0,1,0,0,0,0,0,0,0,0
191,34,1,1,0,1,1,3844,48,0,1,0,0,0,0,0,0,0,0
192,36,1,2,1,0,1,3915,27,0,1,0,0,0,0,0,0,0,0
193,29,1,2,2,0,3,2108,6,0,0,0,0,0,0,1,0,0,1
194,21,1,2,2,1,1,3031,45,0,0,0,0,0,0,1,0,0,0
195,34,0,3,1,0,1,1501,9,0,0,0,0,1,0,0,0,0,0
196,28,0,2,1,0,3,1382,6,0,0,0,0,0,0,1,0,0,1
197,27,0,2,2,1,1,951,12,0,0,0,0,0,1,0,0,0,0
198,36,1,2,0,4,1,2760,24,0,0,1,0,0,0,0,0,0,1
199,40,1,3,1,0,1,4297,18,0,0,0,0,0,1,0,0,0,0
200,52,1,2,1,2,3,936,9,0,0,0,0,1,0,0,0,0,1
201,27,1,1,1,0,0,1168,12,0,0,1,0,0,0,0,0,0,1
202,26,1,2,1,0,3,5117,27,0,1,0,0,0,0,0,0,0,1
203,21,1,2,2,0,0,902,12,0,0,0,0,1,0,0,0,0,0
204,38,1,1,1,0,3,1495,12,0,0,1,0,0,0,0,0,0,1
205,38,1,3,0,0,0,10623,30,0,0,1,0,0,0,0,0,0,1
206,43,1,2,1,0,3,1935,12,0,0,0,0,0,1,0,0,0,1
207,26,1,2,1,0,1,1424,12,0,0,0,1,0,0,0,0,0,1
208,21,1,1,1,0,0,6568,24,0,1,0,0,0,0,0,0,0,1
209,55,1,2,1,3,3,1413,12,0,0,1,0,0,0,0,0,0,1
210,33,1,2,1,4,3,3074,9,0,0,0,0,0,0,1,0,0,1
211,45,0,1,1,4,3,3835,36,0,0,0,0,0,0,1,0,0,1
212,50,1,2,1,0,0,5293,27,0,1,0,0,0,0,0,0,0,0
213,66,1,3,1,0,2,1908,30,0,1,0,0,0,0,0,0,0,0
214,51,1,2,1,4,3,3342,36,0,0,0,0,0,0,1,0,0,1
215,39,0,1,1,4,1,932,6,0,0,0,0,1,0,0,0,0,1
216,31,1,2,1,0,0,3104,18,0,1,0,0,0,0,0,0,0,1
217,23,1,2,1,0,2,3913,36,0,0,0,0,0,0,1,0,0,1
218,24,1,1,2,0,0,3021,24,0,0,0,0,0,1,0,0,0,1
219,64,0,2,1,0,3,1364,10,0,0,1,0,0,0,0,0,0,1
220,26,1,1,1,0,1,625,12,0,0,0,0,0,0,1,0,0,1
221,23,0,2,2,4,0,1200,12,0,0,0,0,1,0,0,0,0,1
222,30,1,2,1,0,3,707,12,0,0,0,0,0,0,1,0,0,1
223,32,1,2,1,4,3,2978,24,0,1,0,0,0,0,0,0,0,1
224,30,1,2,1,0,3,4657,15,0,0,1,0,0,0,0,0,0,1
225,27,1,2,1,0,3,2613,36,0,0,0,0,0,0,0,1,0,1
226,27,1,2,1,3,1,10961,48,0,0,0,0,0,0,1,0,0,0
227,53,1,3,0,0,0,7865,12,0,0,0,0,0,1,0,0,0,0
228,22,1,2,1,0,3,1478,9,0,0,0,0,0,0,1,0,0,0
229,22,1,2,0,0,0,3149,24,0,0,0,0,0,1,0,0,0,1
230,26,1,2,1,0,2,4210,36,0,0,0,0,0,0,1,0,0,0
231,51,1,1,0,2,3,2507,9,0,0,1,0,0,0,0,0,0,1
232,35,1,2,1,1,3,2141,12,0,0,0,0,0,0,1,0,0,1
233,25,1,1,1,0,1,866,18,0,0,0,0,0,0,1,0,0,1
234,42,1,1,1,0,3,1544,4,0,0,0,0,0,0,1,0,0,1
235,30,1,3,1,0,0,1823,24,0,0,0,0,0,0,1,0,0,0
236,23,1,0,1,4,1,14555,6,0,0,1,0,0,0,0,0,0,0
237,61,1,1,2,1,1,2767,21,0,1,0,0,0,0,0,0,0,0
238,35,0,2,1,0,3,1291,12,0,0,0,0,0,0,1,0,0,1
239,39,1,2,1,0,0,2522,30,0,0,0,0,0,0,1,0,0,1
240,29,0,2,1,4,0,915,24,0,0,1,0,0,0,0,0,0,0
241,51,1,2,1,0,3,1595,6,0,0,0,0,0,0,1,0,0,1
242,24,1,2,0,0,0,4605,48,0,0,1,0,0,0,0,0,0,0
243,27,0,2,1,0,3,1185,12,0,1,0,0,0,0,0,0,0,1
244,35,0,1,1,2,3,3447,12,0,0,0,0,1,0,0,0,0,1
245,25,1,2,1,0,3,1258,24,0,1,0,0,0,0,0,0,0,1
246,52,1,2,1,0,3,717,12,0,0,0,0,0,0,1,0,0,1
247,35,1,2,2,1,3,1204,6,0,0,1,0,0,0,0,0,0,1
248,26,1,2,1,0,2,1925,24,0,0,0,0,0,1,0,0,0,1
249,22,0,2,2,0,3,433,18,0,0,0,0,0,0,1,0,0,0
250,39,0,1,1,3,0,666,6,0,0,1,0,0,0,0,0,0,1
251,46,0,1,1,0,2,2251,12,0,0,0,0,0,1,0,0,0,1
252,24,0,2,1,0,1,2150,30,0,0,1,0,0,0,0,0,0,0
253,35,1,2,1,1,3,4151,24,0,0,0,0,0,1,0,0,0,1
254,24,1,2,1,4,1,2030,9,0,0,0,0,0,1,0,0,0,1
255,27,1,1,1,4,1,7418,60,0,0,0,0,0,0,1,0,0,1
256,35,1,1,1,0,3,2684,24,0,0,0,0,0,0,1,0,0,1
257,29,1,2,0,0,0,2149,12,0,0,0,0,0,0,1,0,0,0
258,23,0,2,1,1,3,3812,15,0,0,1,0,0,0,0,0,0,1
259,57,0,1,1,1,3,1154,11,0,0,0,0,0,0,1,0,0,1
260,27,1,2,1,0,0,1657,12,0,0,0,0,0,1,0,0,0,1
261,55,0,2,1,0,0,1603,24,0,0,0,0,0,0,1,0,0,1
262,36,1,3,0,0,0,5302,18,0,0,1,0,0,0,0,0,0,1
263,57,0,1,0,0,3,2748,12,0,0,0,0,1,0,0,0,0,1
264,32,1,1,1,0,3,1231,10,0,0,1,0,0,0,0,0,0,1
265,37,1,2,1,0,1,802,15,0,0,0,0,0,0,1,0,0,0
266,36,1,2,1,4,3,6304,36,0,1,0,0,0,0,0,0,0,1
267,38,0,2,1,0,3,1533,24,0,0,0,0,0,0,1,0,0,1
268,45,1,3,1,0,0,8978,14,0,0,1,0,0,0,0,0,0,0
269,25,1,2,1,4,3,999,24,0,0,0,0,0,0,1,0,0,1
270,32,1,2,1,4,3,2662,18,0,0,1,0,0,0,0,0,0,1
271,37,0,2,2,2,3,1402,12,0,0,0,0,0,1,0,0,0,1
272,36,1,3,0,4,1,12169,48,0,0,1,0,0,0,0,0,0,1
273,28,1,2,1,0,1,3060,48,0,0,0,0,0,0,1,0,0,0
274,34,1,1,1,0,0,11998,30,0,0,0,0,0,0,0,1,0,0
275,32,1,2,1,0,3,2697,9,0,0,0,0,0,0,1,0,0,1
276,26,0,2,1,0,3,2404,18,0,0,0,0,0,0,1,0,0,1
277,49,1,1,1,4,0,1262,12,0,0,0,0,0,1,0,0,0,1
278,32,0,2,1,0,3,4611,6,0,0,0,0,0,1,0,0,0,0
279,29,1,3,2,1,3,1901,24,0,0,0,0,0,0,1,0,0,1
280,23,1,2,2,3,3,3368,15,0,0,1,0,0,0,0,0,0,1
281,50,1,2,1,0,3,1574,12,0,0,0,0,0,1,0,0,0,1
282,49,1,1,1,4,2,1445,18,0,0,0,0,0,0,1,0,0,1
283,63,1,2,1,4,3,1520,15,0,0,0,0,0,1,0,0,0,1
284,37,1,2,1,1,1,3878,24,0,0,1,0,0,0,0,0,0,1
285,35,0,1,1,0,0,10722,47,0,0,1,0,0,0,0,0,0,1
286,26,1,2,1,0,0,4788,48,0,0,1,0,0,0,0,0,0,1
287,31,1,3,0,1,1,7582,48,1,0,0,0,0,0,0,0,1,1
288,49,0,2,1,0,1,1092,12,0,0,0,0,0,0,1,0,0,1
289,48,1,2,1,0,0,1024,24,0,0,0,0,0,0,1,0,0,0
290,26,1,2,1,0,3,1076,12,0,1,0,0,0,0,0,0,0,1
291,28,1,3,2,0,1,9398,36,0,0,1,0,0,0,0,0,0,0
292,44,0,3,0,0,0,6419,24,0,0,1,0,0,0,0,0,0,1
293,56,1,2,0,0,2,4796,42,0,0,1,0,0,0,0,0,0,1
294,46,1,3,1,4,3,7629,48,0,1,0,0,0,0,0,0,0,1
295,26,0,2,1,0,1,9960,48,0,0,0,0,0,1,0,0,0,0
296,20,0,2,2,4,3,4675,12,0,0,1,0,0,0,0,0,0,1
297,45,1,1,1,4,3,1287,10,0,0,1,0,0,0,0,0,0,1
298,43,1,2,1,0,3,2515,18,0,0,0,0,0,1,0,0,0,1
299,32,1,2,1,3,1,2745,21,0,0,0,0,0,1,0,0,0,1
300,54,0,0,1,0,3,672,6,0,0,1,0,0,0,0,0,0,1
301,42,0,2,1,0,1,3804,36,0,0,0,0,0,0,1,0,0,0
302,37,1,1,1,4,2,1344,24,0,0,1,0,0,0,0,0,0,0
303,49,1,2,1,0,0,1038,10,0,0,1,0,0,0,0,0,0,1
304,44,1,2,0,2,3,10127,48,0,0,1,0,0,0,0,0,0,0
305,33,1,2,1,3,3,1543,6,0,0,0,0,0,1,0,0,0,1
306,24,0,1,2,4,3,4811,30,0,0,1,0,0,0,0,0,0,1
307,33,1,1,1,1,0,727,12,0,0,0,0,0,0,1,0,0,0
308,24,0,2,1,0,1,1237,8,0,0,0,0,0,1,0,0,0,0
309,22,1,1,2,0,1,276,9,0,0,1,0,0,0,0,0,0,1
310,40,1,0,0,4,1,5381,48,1,0,0,0,0,0,0,0,1,1
311,25,1,2,1,1,3,5511,24,0,0,0,0,0,1,0,0,0,1
312,26,0,2,1,0,2,3749,24,0,0,0,0,0,1,0,0,0,1
313,25,1,1,1,0,1,685,12,0,0,1,0,0,0,0,0,0,0
314,29,1,1,1,4,2,1494,4,0,0,1,0,0,0,0,0,0,1
315,31,1,2,1,0,0,2746,36,0,0,0,0,0,1,0,0,0,0
316,38,1,1,1,0,0,708,12,0,0,0,0,0,1,0,0,0,1
317,48,0,1,1,4,1,4351,24,0,0,0,0,0,1,0,0,0,1
318,32,1,2,1,0,3,701,12,0,0,0,0,1,0,0,0,0,1
319,27,0,1,1,0,0,3643,15,0,0,0,0,0,1,0,0,0,1
320,28,1,3,1,0,1,4249,30,0,0,1,0,0,0,0,0,0,0
321,32,1,2,1,0,0,1938,24,0,0,0,0,0,0,1,0,0,0
322,34,1,3,0,0,0,2910,24,0,0,1,0,0,0,0,0,0,1
323,28,1,2,1,3,0,2659,18,0,0,0,0,0,1,0,0,0,1
324,36,0,2,1,0,3,1028,18,0,0,1,0,0,0,0,0,0,1
325,39,1,1,1,0,0,3398,8,0,0,1,0,0,0,0,0,0,1
326,49,1,2,2,4,3,5801,12,0,0,0,0,0,1,0,0,0,1
327,34,0,2,1,3,3,1525,24,0,0,1,0,0,0,0,0,0,1
328,31,1,2,1,0,2,4473,36,0,0,0,0,0,0,1,0,0,1
329,28,1,2,1,0,1,1068,6,0,0,0,0,0,0,1,0,0,1
330,75,1,3,0,0,0,6615,24,0,0,1,0,0,0,0,0,0,1
331,30,0,2,1,1,3,1864,18,0,0,0,0,1,0,0,0,0,0
332,24,0,3,1,1,1,7408,60,0,0,1,0,0,0,0,0,0,0
333,24,0,1,2,1,3,11590,48,0,0,1,0,0,0,0,0,0,0
334,23,1,2,2,0,0,4110,24,0,0,0,0,0,1,0,0,0,0
335,44,1,3,2,0,0,3384,6,0,0,0,0,0,1,0,0,0,0
336,23,0,1,1,0,1,2101,13,0,0,0,0,0,0,1,0,0,1
337,24,0,2,2,4,0,1275,15,0,0,0,1,0,0,0,0,0,0
338,28,1,2,1,0,0,4169,24,0,0,0,0,0,1,0,0,0,1
339,31,1,1,1,0,1,1521,10,0,0,0,0,0,1,0,0,0,1
340,24,0,2,0,0,1,5743,24,0,0,0,0,1,0,0,0,0,1
341,26,0,1,2,0,0,3599,21,0,0,0,0,0,1,0,0,0,1
342,25,1,2,2,2,1,3213,18,0,0,0,0,0,0,1,0,0,1
343,33,1,3,1,0,1,4439,18,0,1,0,0,0,0,0,0,0,1
344,37,1,1,1,0,2,3949,10,0,0,1,0,0,0,0,0,0,1
345,43,0,1,1,0,3,1459,15,0,0,0,0,0,0,1,0,0,1
346,23,1,2,1,0,1,882,13,0,0,0,0,0,0,1,0,0,1
347,23,0,0,2,2,1,3758,24,0,0,0,0,0,0,1,0,0,1
348,34,1,1,1,1,3,1743,6,0,1,0,0,0,0,0,0,0,1
349,32,1,2,0,3,1,1136,9,0,0,0,0,1,0,0,0,0,0
350,23,0,2,2,0,3,1236,9,0,0,0,1,0,0,0,0,0,1
351,29,0,2,1,0,1,959,9,0,0,0,0,0,1,0,0,0,0
352,38,1,3,1,4,3,3229,18,0,0,1,0,0,0,0,0,0,1
353,28,1,2,2,0,0,6199,12,0,0,0,0,0,0,1,0,0,0
354,46,1,2,0,2,3,727,10,0,0,0,0,1,0,0,0,0,1
355,23,1,1,1,0,1,1246,24,0,0,1,0,0,0,0,0,0,0
356,49,1,2,1,4,3,2331,12,0,0,0,0,0,0,1,0,0,1
357,26,1,3,1,0,3,4463,36,0,0,0,0,0,0,1,0,0,0
358,28,1,2,1,0,3,776,12,0,0,0,0,0,0,1,0,0,1
359,23,0,2,2,0,0,2406,30,0,0,0,0,0,1,0,0,0,0
360,61,1,2,0,4,1,1239,18,0,0,0,0,1,0,0,0,0,1
361,37,1,3,1,4,2,3399,12,0,0,0,0,0,0,1,0,0,1
362,36,0,2,1,0,2,2247,12,0,0,1,0,0,0,0,0,0,1
363,21,1,2,2,0,3,1766,6,0,0,0,0,0,1,0,0,0,1
364,25,1,0,1,0,0,2473,18,0,0,0,0,0,1,0,0,0,0
365,36,1,2,1,0,3,1542,12,0,1,0,0,0,0,0,0,0,1
366,27,1,2,1,0,3,3850,18,0,0,1,0,0,0,0,0,0,1
367,22,0,2,2,0,0,3650,18,0,0,0,0,0,1,0,0,0,1
368,42,1,2,1,0,0,3446,36,0,0,0,0,0,1,0,0,0,0
369,40,0,2,2,0,1,3001,18,0,0,0,0,0,1,0,0,0,1
370,36,1,2,1,4,3,3079,36,0,0,1,0,0,0,0,0,0,1
371,33,1,2,1,0,3,6070,18,0,0,0,0,0,0,1,0,0,1
372,23,0,2,2,0,3,2146,10,0,0,0,0,0,1,0,0,0,1
373,63,1,3,0,4,3,13756,60,0,0,1,0,0,0,0,0,0,1
374,60,0,3,0,1,1,14782,60,1,0,0,0,0,0,0,0,1,0
375,37,0,2,2,0,0,7685,48,0,1,0,0,0,0,0,0,0,0
376,34,1,2,1,0,3,2320,18,0,0,0,0,0,0,1,0,0,1
377,36,1,2,0,4,3,846,7,0,0,0,0,0,0,1,0,0,1
378,57,1,3,0,0,1,14318,36,0,0,1,0,0,0,0,0,0,0
379,52,0,1,1,1,3,362,6,0,0,1,0,0,0,0,0,0,1
380,39,1,2,1,4,0,2212,20,0,0,0,0,0,1,0,0,0,1
381,38,0,3,0,0,1,12976,18,0,0,1,0,0,0,0,0,0,0
382,25,0,2,2,4,3,1283,22,0,0,1,0,0,0,0,0,0,1
383,26,1,2,1,0,2,1330,12,0,0,1,0,0,0,0,0,0,1
384,26,1,1,1,1,3,4272,30,0,1,0,0,0,0,0,0,0,1
385,25,0,2,1,0,3,2238,18,0,0,0,0,0,0,1,0,0,1
386,21,0,2,2,4,3,1126,18,0,0,0,0,0,0,1,0,0,1
387,40,1,3,1,0,1,7374,18,0,0,0,0,0,1,0,0,0,1
388,27,1,2,1,2,1,2326,15,0,1,0,0,0,0,0,0,0,1
389,27,0,2,1,0,3,1449,9,0,1,0,0,0,0,0,0,0,1
390,30,1,3,1,0,3,1820,18,0,0,1,0,0,0,0,0,0,1
391,19,0,1,2,3,1,983,12,0,0,0,0,0,1,0,0,0,1
392,39,1,3,0,0,0,3249,36,0,0,1,0,0,0,0,0,0,1
393,31,0,2,1,0,0,1957,6,0,0,0,0,0,0,1,0,0,1
394,31,1,3,1,0,3,2406,9,0,0,0,0,0,1,0,0,0,1
395,32,1,2,2,1,1,11760,39,0,0,0,0,1,0,0,0,0,1
396,55,0,3,0,0,0,2578,12,0,0,0,0,0,1,0,0,0,1
397,46,1,2,1,0,0,2348,36,0,0,0,0,0,1,0,0,0,1
398,46,1,2,2,0,1,1223,12,0,0,1,0,0,0,0,0,0,0
399,43,0,1,1,3,3,1516,24,0,0,0,0,0,0,1,0,0,1
400,39,1,2,1,0,3,1473,18,0,0,0,0,0,0,1,0,0,1
401,28,1,2,1,4,1,1887,18,0,1,0,0,0,0,0,0,0,1
402,27,1,2,1,0,3,8648,24,0,1,0,0,0,0,0,0,0,0
403,27,1,1,1,0,3,802,14,0,0,1,0,0,0,0,0,0,1
404,43,1,2,1,4,1,2899,18,0,0,1,0,0,0,0,0,0,1
405,22,1,2,1,0,1,2039,24,0,0,0,0,0,0,1,0,0,0
406,43,1,2,1,4,3,2197,24,0,0,1,0,0,0,0,0,0,1
407,27,1,2,1,0,0,1053,15,0,0,0,0,0,0,1,0,0,1
408,26,1,3,1,2,3,3235,24,0,0,0,0,0,0,1,0,0,1
409,28,1,2,1,2,2,939,12,0,0,1,0,0,0,0,0,0,0
410,20,0,2,1,0,1,1967,24,0,0,0,0,0,0,1,0,0,1
411,35,1,3,1,0,3,7253,33,0,0,1,0,0,0,0,0,0,1
412,42,1,3,1,0,3,2292,12,0,1,0,0,0,0,0,0,0,0
413,40,1,1,2,2,3,1597,10,0,0,1,0,0,0,0,0,0,1
414,35,0,2,1,4,0,1381,24,0,0,1,0,0,0,0,0,0,0
415,35,1,2,1,0,3,5842,36,0,0,1,0,0,0,0,0,0,1
416,33,1,1,1,0,0,2579,12,0,0,1,0,0,0,0,0,0,0
417,23,0,2,2,4,0,8471,18,0,0,0,0,1,0,0,0,0,1
418,31,0,3,1,2,3,2782,21,0,0,1,0,0,0,0,0,0,1
419,33,0,2,1,4,1,1042,18,0,0,1,0,0,0,0,0,0,0
420,20,0,2,2,3,3,3186,15,0,0,1,0,0,0,0,0,0,1
421,30,1,2,1,4,1,2028,12,0,0,1,0,0,0,0,0,0,1
422,47,1,1,1,0,1,958,12,0,0,1,0,0,0,0,0,0,1
423,34,1,3,1,1,3,1591,21,0,0,0,0,0,1,0,0,0,1
424,25,0,2,1,4,1,2762,12,0,0,0,0,0,1,0,0,0,0
425,21,1,2,2,0,1,2779,18,0,0,1,0,0,0,0,0,0,1
426,29,1,2,1,0,3,2743,28,0,0,0,0,0,0,1,0,0,1
427,46,1,2,1,3,3,1149,18,0,0,0,0,0,0,1,0,0,1
428,20,1,2,1,0,3,1313,9,0,0,0,0,0,1,0,0,0,1
429,55,0,0,0,0,0,1190,18,0,0,0,0,0,0,0,1,0,0
430,74,1,1,1,0,3,3448,5,0,1,0,0,0,0,0,0,0,1
431,29,1,3,1,0,1,11328,24,1,0,0,0,0,0,0,0,1,0
432,36,1,3,0,0,0,1872,6,0,0,0,0,0,1,0,0,0,1
433,33,1,2,1,0,3,2058,24,0,0,0,0,0,0,0,1,0,1
434,25,1,2,1,0,0,2136,9,0,0,0,0,0,1,0,0,0,1
435,25,1,2,1,4,1,1484,12,0,0,0,0,0,0,1,0,0,0
436,23,1,1,2,2,3,660,6,0,0,0,0,0,0,0,1,0,1
437,37,0,2,1,3,3,1287,24,0,0,1,0,0,0,0,0,0,1
438,65,1,0,1,0,0,3394,42,0,0,0,0,0,0,0,1,0,1
439,26,0,0,1,0,2,609,12,0,1,0,0,0,0,0,0,0,0
440,39,1,3,1,0,3,1884,12,0,0,1,0,0,0,0,0,0,1
441,30,0,2,1,0,0,1620,12,0,0,0,0,0,1,0,0,0,1
442,29,1,2,1,0,1,2629,20,1,0,0,0,0,0,0,0,1,1
443,41,1,1,1,0,3,719,12,0,0,0,0,1,0,0,0,0,0
444,30,0,3,1,0,1,5096,48,0,0,0,0,0,1,0,0,0,0
445,41,0,1,2,4,3,1244,9,0,0,0,0,1,0,0,0,0,1
446,34,0,2,1,0,0,1842,36,0,0,1,0,0,0,0,0,0,0
447,35,1,2,1,0,1,2576,7,0,0,0,0,0,0,1,0,0,1
448,55,0,3,1,4,2,1424,12,0,0,0,0,0,1,0,0,0,1
449,61,1,2,1,3,1,1512,15,0,0,0,0,0,0,0,1,0,0
450,30,1,3,1,4,3,11054,36,0,0,1,0,0,0,0,0,0,1
451,29,0,2,1,0,3,518,6,0,0,0,0,0,0,1,0,0,1
452,34,1,2,1,0,3,2759,12,0,0,0,0,0,1,0,0,0,1
453,35,1,3,1,0,3,2670,24,0,0,1,0,0,0,0,0,0,1
454,31,1,2,1,0,0,4817,24,0,0,1,0,0,0,0,0,0,0
455,29,0,3,1,0,3,2679,24,0,0,1,0,0,0,0,0,0,1
456,36,1,2,2,0,0,3905,11,0,0,1,0,0,0,0,0,0,1
457,35,1,2,0,0,0,3386,12,0,0,1,0,0,0,0,0,0,0
458,27,0,2,1,0,0,343,6,0,0,0,1,0,0,0,0,0,1
459,32,1,2,1,0,3,4594,18,0,0,0,0,0,0,1,0,0,1
460,37,1,2,1,0,0,3620,36,0,0,0,0,0,1,0,0,0,1
461,36,1,2,1,0,0,1721,15,0,0,1,0,0,0,0,0,0,1
462,34,0,3,2,0,1,3017,12,0,0,0,0,0,1,0,0,0,1
463,38,1,2,1,4,1,754,12,0,0,0,0,1,0,0,0,0,1
464,34,1,2,1,0,3,1950,18,0,1,0,0,0,0,0,0,0,1
465,63,1,2,1,0,0,2924,24,0,0,1,0,0,0,0,0,0,1
466,29,0,1,2,0,0,1659,24,0,0,0,0,0,0,1,0,0,0
467,32,1,2,1,4,3,7238,48,0,0,0,0,0,0,1,0,0,1
468,26,0,2,1,0,3,2764,33,0,1,0,0,0,0,0,0,0,1
469,35,1,1,1,0,3,4679,24,0,0,1,0,0,0,0,0,0,1
470,22,1,2,2,1,1,3092,24,0,0,0,0,0,0,1,0,0,0
471,23,0,2,1,0,0,448,6,0,0,0,0,1,0,0,0,0,0
472,28,1,1,1,0,0,654,9,0,0,1,0,0,0,0,0,0,0
473,36,1,3,1,4,3,1238,6,0,0,0,0,1,0,0,0,0,1
474,33,1,2,1,0,1,1245,18,0,0,0,0,0,0,1,0,0,0
475,26,0,2,2,0,0,3114,18,0,0,0,0,0,1,0,0,0,0
476,24,1,2,1,2,3,2569,39,0,0,1,0,0,0,0,0,0,1
477,25,1,2,1,0,2,5152,24,0,0,0,0,0,0,1,0,0,1
478,39,1,1,1,1,1,1037,12,0,1,0,0,0,0,0,0,0,1
479,44,1,2,1,0,0,1478,15,0,0,0,0,0,1,0,0,0,1
480,23,0,1,1,0,1,3573,12,0,0,0,0,0,0,1,0,0,1
481,26,1,2,1,0,1,1201,24,0,0,1,0,0,0,0,0,0,1
482,57,0,2,2,3,0,3622,30,0,0,0,0,0,1,0,0,0,1
483,30,0,2,1,3,3,960,15,0,0,0,0,0,1,0,0,0,1
484,44,1,2,1,2,3,1163,12,0,0,1,0,0,0,0,0,0,1
485,47,1,3,1,0,1,1209,6,0,0,1,0,0,0,0,0,0,0
486,52,1,2,1,0,3,3077,12,0,0,0,0,0,0,1,0,0,1
487,62,0,2,0,0,3,3757,24,0,0,1,0,0,0,0,0,0,1
488,35,1,1,2,1,3,1418,10,0,0,1,0,0,0,0,0,0,1
489,26,1,2,2,0,3,3518,6,0,0,1,0,0,0,0,0,0,1
490,26,1,2,1,0,3,1934,12,0,0,0,0,0,0,1,0,0,1
491,42,0,3,0,0,1,8318,27,0,1,0,0,0,0,0,0,0,0
492,27,0,2,1,1,3,1237,6,0,0,0,0,0,0,1,0,0,1
493,38,1,2,1,4,1,368,6,0,0,0,0,0,0,1,0,0,1
494,39,1,1,2,0,0,2122,12,0,0,1,0,0,0,0,0,0,1
495,20,1,2,1,4,0,2996,24,0,0,0,0,0,1,0,0,0,0
496,29,1,3,2,1,1,9034,36,0,0,0,0,0,1,0,0,0,0
497,40,1,2,1,0,3,1585,24,0,0,0,0,0,1,0,0,0,1
498,32,1,1,1,0,1,1301,18,0,0,0,0,0,0,1,0,0,1
499,28,1,2,1,1,2,1323,6,0,0,1,0,0,0,0,0,0,1
500,27,0,2,1,0,0,3123,24,0,0,1,0,0,0,0,0,0,0
501,42,1,2,0,0,0,5493,36,0,0,1,0,0,0,0,0,0,1
502,49,1,2,1,1,2,1126,9,0,0,0,0,0,0,1,0,0,1
503,38,1,2,1,1,1,1216,24,0,0,0,0,0,0,1,0,0,0
504,24,0,2,2,0,0,1207,24,0,0,1,0,0,0,0,0,0,0
505,27,1,1,1,4,3,1309,10,0,0,1,0,0,0,0,0,0,0
506,36,1,2,1,2,2,2360,15,0,0,1,0,0,0,0,0,0,1
507,34,1,3,1,1,1,6850,15,0,0,1,0,0,0,0,0,0,0
508,28,1,2,1,0,3,1413,24,0,0,0,0,0,0,1,0,0,1
509,45,1,3,1,1,3,8588,39,0,0,1,0,0,0,0,0,0,1
510,26,1,2,1,0,0,759,12,0,0,1,0,0,0,0,0,0,0
511,32,1,3,0,0,3,4686,36,0,0,1,0,0,0,0,0,0,1
512,26,1,2,2,0,2,2687,15,0,1,0,0,0,0,0,0,0,1
513,20,1,2,2,0,1,585,12,0,0,0,0,0,0,1,0,0,1
514,54,1,2,1,4,3,2255,24,0,0,1,0,0,0,0,0,0,1
515,37,0,2,1,0,0,609,6,0,0,1,0,0,0,0,0,0,1
516,40,1,1,1,0,0,1361,6,0,0,1,0,0,0,0,0,0,1
517,23,0,2,2,0,3,7127,36,0,0,0,0,0,1,0,0,0,0
518,43,1,2,1,1,0,1203,6,0,0,1,0,0,0,0,0,0,1
519,36,1,2,0,4,3,700,6,0,0,0,0,0,0,1,0,0,1
520,44,1,2,0,0,3,5507,24,0,0,0,0,0,0,0,1,0,1
521,24,0,2,1,0,0,3190,18,0,0,0,0,0,0,1,0,0,0
522,53,1,2,0,0,0,7119,48,0,0,0,0,0,1,0,0,0,0
523,23,0,2,1,1,3,3488,24,0,0,1,0,0,0,0,0,0,1
524,26,0,1,1,0,1,1113,18,0,0,0,0,0,0,1,0,0,1
525,30,1,2,1,0,1,7966,26,0,0,1,0,0,0,0,0,0,1
526,31,0,2,1,1,3,1532,15,0,0,0,0,1,0,0,0,0,1
527,42,1,1,1,0,3,1503,4,0,0,0,0,0,0,1,0,0,1
528,31,1,2,2,0,0,2302,36,0,0,0,0,0,0,1,0,0,0
529,41,1,1,1,0,0,662,6,0,0,1,0,0,0,0,0,0,1
530,32,1,2,1,0,1,2273,36,0,0,0,0,1,0,0,0,0,1
531,28,0,2,2,1,1,2631,15,0,0,1,0,0,0,0,0,0,0
532,41,1,2,2,0,3,1503,12,0,0,1,0,0,0,0,0,0,1
533,26,1,2,1,1,3,1311,24,0,0,0,0,0,0,1,0,0,1
534,25,1,2,1,4,3,3105,24,0,0,0,0,0,0,1,0,0,1
535,33,1,2,2,0,2,2319,21,0,0,0,0,1,0,0,0,0,0
536,75,0,3,1,4,0,1374,6,0,0,1,0,0,0,0,0,0,1
537,37,0,2,1,0,1,3612,18,0,0,0,0,0,1,0,0,0,1
538,42,1,3,0,0,0,7763,48,0,0,1,0,0,0,0,0,0,0
539,45,0,1,1,0,2,3049,18,0,0,0,0,0,1,0,0,0,1
540,23,1,2,2,0,1,1534,12,0,0,0,0,0,0,1,0,0,0
541,60,1,2,0,0,3,2032,24,0,0,1,0,0,0,0,0,0,1
542,31,1,2,1,4,0,6350,30,0,0,0,0,0,1,0,0,0,0
543,34,1,1,1,0,2,2864,18,0,0,0,0,0,1,0,0,0,0
544,61,1,1,1,0,3,1255,12,0,0,1,0,0,0,0,0,0,1
545,43,1,2,0,0,0,1333,24,0,0,1,0,0,0,0,0,0,0
546,37,0,2,1,0,3,2022,24,0,0,1,0,0,0,0,0,0,1
547,32,1,2,1,0,3,1552,24,0,0,0,0,0,0,1,0,0,1
548,24,0,1,1,0,0,626,12,0,0,0,0,0,0,1,0,0,0
549,35,1,2,0,4,3,8858,48,0,0,1,0,0,0,0,0,0,1
550,23,0,2,1,4,3,996,12,0,0,0,0,0,0,0,1,0,1
551,45,1,1,1,2,3,1750,6,0,0,0,0,0,0,1,0,0,1
552,34,1,2,1,0,0,6999,48,0,0,0,0,0,0,1,0,0,0
553,27,1,2,1,1,1,1995,12,0,0,1,0,0,0,0,0,0,1
554,67,0,3,1,0,1,1199,9,0,0,0,0,1,0,0,0,0,1
555,22,1,2,1,0,1,1331,12,0,0,0,0,0,0,1,0,0,0
556,28,0,2,1,1,1,2278,18,0,0,1,0,0,0,0,0,0,0
557,29,0,2,1,4,3,5003,21,0,0,1,0,0,0,0,0,0,0
558,27,1,2,1,0,0,3552,24,0,0,0,0,0,1,0,0,0,0
559,31,1,1,1,0,1,1928,18,0,0,0,0,0,1,0,0,0,0
560,49,1,2,0,4,0,2964,24,0,0,1,0,0,0,0,0,0,1
561,24,1,1,2,0,0,1546,24,0,0,0,0,0,0,1,0,0,0
562,29,0,2,1,0,2,683,6,0,0,0,0,0,0,1,0,0,1
563,37,1,2,0,4,1,12389,36,0,0,1,0,0,0,0,0,0,0
564,37,1,3,1,4,1,4712,24,0,1,0,0,0,0,0,0,0,1
565,23,0,2,2,1,1,1553,24,0,0,0,0,0,0,1,0,0,1
566,36,1,2,1,0,0,1372,12,0,0,1,0,0,0,0,0,0,0
567,34,1,2,1,3,3,2578,24,0,0,0,0,0,0,1,0,0,1
568,41,1,2,1,4,1,3979,48,0,0,0,0,0,0,1,0,0,1
569,31,0,2,1,0,0,6758,48,0,0,0,0,0,0,1,0,0,0
570,23,0,1,2,0,0,3234,24,0,0,0,0,0,1,0,0,0,0
571,38,1,2,1,0,3,5954,30,0,0,0,0,0,0,1,0,0,1
572,26,0,3,2,4,3,5433,24,0,0,1,0,0,0,0,0,0,1
573,22,0,1,1,0,0,806,15,0,1,0,0,0,0,0,0,0,1
574,27,1,1,1,0,1,1082,9,0,0,0,0,0,0,1,0,0,1
575,24,0,2,1,0,3,2788,15,0,0,0,0,0,1,0,0,0,1
576,27,0,2,1,0,1,2930,12,0,0,0,0,0,0,1,0,0,1
577,33,0,2,1,4,3,1927,24,0,0,0,0,1,0,0,0,0,1
578,27,1,2,1,0,1,2820,36,0,0,1,0,0,0,0,0,0,0
579,27,1,1,1,0,3,937,24,0,0,0,0,1,0,0,0,0,1
580,30,1,2,1,0,1,1056,18,0,0,1,0,0,0,0,0,0,0
581,49,1,1,1,0,1,3124,12,0,0,1,0,0,0,0,0,0,1
582,26,0,2,2,0,3,1388,9,0,0,0,0,0,1,0,0,0,1
583,33,1,1,2,0,1,2384,36,0,0,0,0,0,0,0,1,0,0
584,52,0,3,0,4,3,2133,12,0,0,1,0,0,0,0,0,0,1
585,20,0,2,2,0,0,2039,18,0,0,0,0,0,1,0,0,0,0
586,36,1,2,2,0,0,2799,9,0,0,1,0,0,0,0,0,0,1
587,21,1,1,1,0,0,1289,12,0,0,0,0,0,1,0,0,0,1
588,47,1,1,1,0,0,1217,18,0,0,0,1,0,0,0,0,0,0
589,60,1,2,1,0,0,2246,12,0,0,0,0,0,1,0,0,0,0
590,58,0,1,1,0,0,385,12,0,0,0,0,0,0,1,0,0,1
591,42,0,2,2,4,1,1965,24,0,0,1,0,0,0,0,0,0,1
592,36,0,1,1,3,3,1572,21,0,1,0,0,0,0,0,0,0,1
593,20,0,1,2,0,1,2718,24,0,0,1,0,0,0,0,0,0,0
594,40,1,3,1,4,0,1358,24,1,0,0,0,0,0,0,0,1,0
595,32,0,1,1,1,1,931,6,0,0,1,0,0,0,0,0,0,0
596,23,0,2,2,0,0,1442,24,0,0,1,0,0,0,0,0,0,0
597,36,1,1,1,0,1,4241,24,0,1,0,0,0,0,0,0,0,0
598,31,1,2,1,0,3,2775,18,0,0,1,0,0,0,0,0,0,0
599,32,1,2,0,0,3,3863,24,0,1,0,0,0,0,0,0,0,1
600,45,0,2,1,0,1,2329,7,0,0,0,0,0,0,1,0,0,1
601,30,0,2,1,0,1,918,9,0,0,0,0,0,1,0,0,0,0
602,34,0,1,0,0,1,1837,24,0,0,0,0,1,0,0,0,0,0
603,28,0,3,1,0,3,3349,36,0,0,0,0,0,1,0,0,0,0
604,23,0,2,1,0,2,1275,10,0,0,0,0,0,1,0,0,0,1
605,22,1,2,1,2,0,2828,24,0,0,0,0,0,1,0,0,0,1
606,74,1,3,1,0,3,4526,24,0,1,0,0,0,0,0,0,0,1
607,50,0,2,0,1,1,2671,36,0,0,0,0,0,0,1,0,0,0
608,33,1,2,1,0,3,2051,18,0,0,0,0,0,0,1,0,0,1
609,45,1,2,0,4,3,1300,15,0,0,1,0,0,0,0,0,0,1
610,22,0,2,1,1,0,741,12,0,0,0,1,0,0,0,0,0,0
611,48,0,1,0,1,2,1240,10,0,0,1,0,0,0,0,0,0,0
612,29,0,2,1,3,0,3357,21,0,0,0,0,0,0,1,0,0,1
613,22,0,2,2,0,0,3632,24,0,0,1,0,0,0,0,0,0,1
614,22,0,2,1,0,3,1808,18,0,0,0,0,0,1,0,0,0,0
615,48,1,3,1,4,1,12204,48,0,1,0,0,0,0,0,0,0,1
616,27,1,3,0,4,1,9157,60,0,0,0,0,0,0,1,0,0,1
617,37,1,2,2,0,0,3676,6,0,0,1,0,0,0,0,0,0,1
618,21,0,2,2,1,1,3441,30,0,0,0,0,0,1,0,0,0,0
619,49,1,1,1,0,3,640,12,0,0,1,0,0,0,0,0,0,1
620,27,1,2,1,0,1,3652,21,0,1,0,0,0,0,0,0,0,1
621,32,1,2,1,0,3,1530,18,0,0,1,0,0,0,0,0,0,0
622,38,1,2,1,4,3,3914,48,0,1,0,0,0,0,0,0,0,0
623,22,0,2,2,0,0,1858,12,0,0,0,0,0,1,0,0,0,1
624,65,1,2,0,0,0,2600,18,0,0,0,0,0,0,1,0,0,0
625,35,1,2,1,4,3,1979,15,0,0,0,0,0,0,1,0,0,1
626,41,1,2,1,0,2,2116,6,0,0,0,0,0,1,0,0,0,1
627,29,1,2,1,1,1,1437,9,0,0,1,0,0,0,0,0,0,0
628,36,1,2,1,2,3,4042,42,0,0,0,0,0,1,0,0,0,1
629,64,1,1,1,4,3,3832,9,0,0,0,0,1,0,0,0,0,1
630,28,0,2,1,0,0,3660,24,0,0,0,0,0,0,1,0,0,1
631,44,1,2,1,0,0,1553,18,0,0,0,0,0,1,0,0,0,0
632,23,1,2,1,4,1,1444,15,0,0,0,0,0,0,1,0,0,1
633,19,0,2,2,0,3,1980,9,0,0,0,0,0,1,0,0,0,0
634,25,0,1,1,0,1,1355,24,0,0,1,0,0,0,0,0,0,0
635,47,1,2,1,0,3,1393,12,0,0,0,0,1,0,0,0,0,1
636,28,0,2,1,2,3,1376,24,0,0,0,0,0,0,1,0,0,1
637,21,1,2,1,0,3,15653,60,0,0,0,0,0,0,1,0,0,1
638,34,0,2,1,0,3,1493,12,0,0,0,0,0,0,1,0,0,1
639,26,1,2,1,0,0,4370,42,0,0,0,0,0,0,1,0,0,0
640,27,0,0,1,0,0,750,18,0,0,0,0,1,0,0,0,0,0
641,38,1,1,1,0,1,1308,15,0,0,0,0,0,0,0,1,0,1
642,40,1,3,1,1,3,4623,15,0,0,0,0,1,0,0,0,0,0
643,33,1,2,1,0,3,1851,24,0,0,0,0,0,0,1,0,0,1
644,32,1,3,1,0,0,1880,18,0,0,0,0,0,0,1,0,0,1
645,27,1,2,2,4,3,7980,36,0,1,0,0,0,0,0,0,0,0
646,32,1,2,1,0,0,4583,30,0,0,0,0,0,1,0,0,0,1
647,26,0,2,1,2,3,1386,12,0,0,1,0,0,0,0,0,0,0
648,38,1,2,0,0,2,947,24,0,0,1,0,0,0,0,0,0,0
649,40,1,1,2,0,0,684,12,0,0,0,0,1,0,0,0,0,0
650,50,1,3,0,0,0,7476,48,0,0,0,0,1,0,0,0,0,1
651,37,1,1,1,0,1,1922,12,0,0,0,0,0,1,0,0,0,0
652,45,1,2,1,0,0,2303,24,0,0,1,0,0,0,0,0,0,0
653,42,1,3,1,1,1,8086,36,0,0,1,0,0,0,0,0,0,0
654,35,1,2,1,0,3,2346,24,0,0,1,0,0,0,0,0,0,1
655,22,1,2,0,0,0,3973,14,0,0,1,0,0,0,0,0,0,1
656,41,1,1,1,0,1,888,12,0,0,1,0,0,0,0,0,0,0
657,37,1,2,1,4,3,10222,48,0,0,0,0,0,0,1,0,0,1
658,28,0,2,1,0,1,4221,30,0,1,0,0,0,0,0,0,0,1
659,41,1,2,1,0,1,6361,18,0,0,0,0,0,1,0,0,0,1
660,23,1,2,2,0,2,1297,12,0,0,0,0,0,0,1,0,0,1
661,23,1,2,1,4,0,900,12,0,0,1,0,0,0,0,0,0,0
662,50,1,2,1,0,3,2241,21,0,0,0,0,0,1,0,0,0,1
663,35,1,3,1,0,1,1050,6,0,0,0,0,0,1,0,0,0,1
664,50,0,1,1,0,2,1047,6,0,0,0,0,1,0,0,0,0,1
665,27,1,3,1,0,3,6314,24,1,0,0,0,0,0,0,0,1,1
666,34,1,2,1,3,1,3496,30,0,0,0,0,0,1,0,0,0,1
667,27,0,2,1,0,3,3609,48,0,1,0,0,0,0,0,0,0,1
668,43,1,2,2,0,0,4843,12,0,0,1,0,0,0,0,0,0,0
669,47,1,2,1,0,2,3017,30,0,0,0,0,0,0,1,0,0,1
670,27,1,1,1,1,3,4139,24,0,1,0,0,0,0,0,0,0,1
671,31,1,2,1,1,3,5742,36,0,1,0,0,0,0,0,0,0,1
672,42,1,3,1,0,3,10366,60,0,0,1,0,0,0,0,0,0,1
673,24,1,2,1,2,3,2080,6,0,0,1,0,0,0,0,0,0,1
674,41,1,1,1,2,3,2580,21,0,1,0,0,0,0,0,0,0,0
675,26,0,3,2,0,3,4530,30,0,0,0,0,0,0,1,0,0,1
676,33,1,2,1,0,3,5150,24,0,0,0,0,0,1,0,0,0,1
677,24,1,2,1,1,1,5595,72,0,0,0,0,0,0,1,0,0,0
678,64,1,1,2,0,0,2384,24,0,0,0,0,0,0,1,0,0,1
679,26,0,2,1,0,3,1453,18,0,0,0,0,0,0,1,0,0,1
680,56,0,2,1,0,3,1538,6,0,0,0,0,1,0,0,0,0,1
681,37,1,2,0,4,3,2279,12,0,0,0,0,0,0,1,0,0,1
682,33,1,2,1,0,3,1478,15,0,0,0,0,0,0,1,0,0,1
683,47,1,2,0,0,3,5103,24,0,0,0,0,0,0,1,0,0,1
684,31,1,1,1,1,1,9857,36,0,1,0,0,0,0,0,0,0,1
685,34,1,2,0,4,3,6527,60,0,0,1,0,0,0,0,0,0,1
686,27,1,2,1,4,2,1347,10,0,0,0,0,0,0,1,0,0,1
687,30,1,2,0,1,1,2862,36,0,0,1,0,0,0,0,0,0,1
688,35,1,2,1,1,3,2753,9,0,0,0,0,0,0,1,0,0,1
689,31,1,2,1,3,0,3651,12,0,0,1,0,0,0,0,0,0,1
690,25,1,2,1,0,0,975,15,0,0,0,0,0,1,0,0,0,1
691,25,0,1,1,1,1,2631,15,0,0,0,0,0,0,0,1,0,1
692,29,1,2,1,1,1,2896,24,0,0,0,0,0,0,1,0,0,1
693,44,1,1,1,4,0,4716,6,0,0,1,0,0,0,0,0,0,1
694,28,1,2,1,0,3,2284,24,0,0,0,0,0,0,1,0,0,1
695,50,1,2,2,2,3,1236,6,0,0,1,0,0,0,0,0,0,1
696,29,1,2,1,0,1,1103,12,0,0,0,0,0,0,1,0,0,1
697,38,0,0,1,0,3,926,12,0,0,1,0,0,0,0,0,0,1
698,24,1,2,1,0,3,1800,18,0,0,0,0,0,0,1,0,0,1
699,40,1,3,2,0,2,1905,15,0,0,0,0,1,0,0,0,0,1
700,29,0,1,2,2,3,1123,12,0,0,0,0,0,1,0,0,0,0
701,46,1,2,0,0,0,6331,48,0,0,1,0,0,0,0,0,0,0
702,47,0,2,0,1,2,1377,24,0,0,0,0,0,0,1,0,0,1
703,41,1,2,1,1,1,2503,30,0,1,0,0,0,0,0,0,0,1
704,32,0,2,1,0,1,2528,27,0,1,0,0,0,0,0,0,0,1
705,35,0,2,0,2,3,5324,15,0,0,1,0,0,0,0,0,0,1
706,24,1,2,1,1,1,6560,48,0,0,1,0,0,0,0,0,0,0
707,25,0,2,2,0,1,2969,12,0,0,0,0,0,1,0,0,0,0
708,25,0,2,1,0,1,1206,9,0,0,0,0,0,0,1,0,0,1
709,37,1,1,1,0,1,2118,9,0,0,0,0,0,0,1,0,0,1
710,32,1,3,1,2,3,629,18,0,0,0,0,0,0,1,0,0,1
711,35,0,2,0,0,0,1198,6,0,0,0,0,1,0,0,0,0,0
712,46,1,3,1,4,3,2476,21,0,0,1,0,0,0,0,0,0,1
713,25,1,1,1,0,0,1138,9,0,0,0,0,0,0,1,0,0,1
714,27,1,3,1,0,1,14027,60,0,0,1,0,0,0,0,0,0,0
715,63,1,2,1,4,3,7596,30,0,0,1,0,0,0,0,0,0,1
716,40,1,2,1,4,3,3077,30,0,0,0,0,0,0,1,0,0,1
717,32,1,3,0,0,3,1505,18,0,0,0,0,0,0,1,0,0,1
718,31,1,2,1,4,2,3148,24,0,0,0,0,0,0,1,0,0,1
719,31,1,2,1,1,1,6148,20,0,0,1,0,0,0,0,0,0,1
720,34,1,3,1,0,2,1337,9,0,0,0,0,0,0,1,0,0,0
721,24,0,2,2,3,1,433,6,0,0,0,0,1,0,0,0,0,0
722,24,0,1,1,0,0,1228,12,0,0,1,0,0,0,0,0,0,0
723,66,0,1,1,2,1,790,9,0,0,0,0,0,0,1,0,0,1
724,21,0,2,2,0,3,2570,27,0,0,1,0,0,0,0,0,0,0
725,41,0,1,1,3,3,250,6,0,0,1,0,0,0,0,0,0,1
726,47,1,1,1,2,3,1316,15,0,0,0,0,0,0,1,0,0,1
727,25,0,2,2,0,0,1882,18,0,0,0,0,0,0,1,0,0,0
728,59,0,2,2,0,1,6416,48,0,1,0,0,0,0,0,0,0,0
729,36,1,2,1,3,2,1275,24,0,1,0,0,0,0,0,0,0,1
730,33,1,2,1,0,1,6403,24,0,0,0,0,0,0,1,0,0,1
731,21,1,1,2,0,0,1987,24,0,0,0,0,0,0,1,0,0,0
732,44,0,1,1,0,1,760,8,0,0,0,0,0,0,1,0,0,1
733,28,0,2,2,3,3,2603,24,0,0,1,0,0,0,0,0,0,1
734,37,0,2,1,0,3,3380,4,0,0,1,0,0,0,0,0,0,1
735,29,0,0,1,4,1,3990,36,0,0,0,1,0,0,0,0,0,1
736,23,0,3,2,0,1,11560,24,0,0,1,0,0,0,0,0,0,0
737,35,1,1,1,1,0,4380,18,0,0,1,0,0,0,0,0,0,1
738,45,1,3,1,0,3,6761,6,0,0,1,0,0,0,0,0,0,1
739,26,0,1,2,1,1,4280,30,0,1,0,0,0,0,0,0,0,0
740,32,1,2,1,1,0,2325,24,0,0,1,0,0,0,0,0,0,1
741,23,1,1,1,0,1,1048,10,0,0,0,0,0,0,1,0,0,1
742,41,1,2,1,4,3,3160,21,0,0,0,0,0,0,1,0,0,1
743,22,1,2,1,2,0,2483,24,0,0,0,0,0,1,0,0,0,1
744,30,1,3,1,4,0,14179,39,0,0,0,0,0,1,0,0,0,1
745,28,1,1,1,0,0,1797,13,0,1,0,0,0,0,0,0,0,1
746,23,0,2,2,0,0,2511,15,0,0,1,0,0,0,0,0,0,1
747,37,0,1,1,0,0,1274,12,0,0,1,0,0,0,0,0,0,0
748,26,1,2,1,4,3,5248,21,0,0,1,0,0,0,0,0,0,1
749,33,1,2,1,0,3,3029,15,0,0,1,0,0,0,0,0,0,1
750,49,0,2,1,0,0,428,6,0,0,0,0,0,1,0,0,0,1
751,23,0,1,1,0,0,976,18,0,0,1,0,0,0,0,0,0,0
752,23,0,1,2,1,1,841,12,0,1,0,0,0,0,0,0,0,1
753,25,0,2,1,0,3,5771,30,0,0,0,0,0,0,1,0,0,1
754,55,1,2,0,3,3,1555,12,0,0,0,0,0,0,0,1,0,0
755,32,0,2,2,4,0,1285,24,0,0,1,0,0,0,0,0,0,0
756,74,1,0,1,0,2,1299,6,0,0,1,0,0,0,0,0,0,1
757,39,1,2,0,4,2,1271,15,0,0,0,0,0,0,1,0,0,0
758,31,1,2,1,0,3,1393,24,0,0,1,0,0,0,0,0,0,1
759,35,1,2,1,0,0,691,12,0,0,1,0,0,0,0,0,0,0
760,59,0,2,1,4,3,5045,15,0,0,1,0,0,0,0,0,0,1
761,24,0,2,2,0,0,2124,18,0,0,0,0,0,1,0,0,0,0
762,24,1,1,1,0,0,2214,12,0,0,0,0,0,0,1,0,0,1
763,30,1,3,0,4,3,12680,21,0,0,1,0,0,0,0,0,0,0
764,27,1,2,1,1,3,2463,24,0,0,1,0,0,0,0,0,0,1
765,40,1,1,1,0,1,1155,12,0,0,0,0,0,0,1,0,0,1
766,31,1,1,1,0,0,3108,30,0,0,0,0,0,1,0,0,0,0
767,31,0,2,2,4,3,2901,10,0,0,1,0,0,0,0,0,0,1
768,28,1,2,2,0,1,3617,12,0,0,0,0,0,1,0,0,0,1
769,63,1,1,1,0,3,1655,12,0,0,0,0,0,0,1,0,0,1
770,26,0,2,2,4,0,2812,24,0,0,1,0,0,0,0,0,0,1
771,25,0,3,1,0,0,8065,36,0,0,0,0,1,0,0,0,0,0
772,36,1,3,1,0,3,3275,21,0,0,1,0,0,0,0,0,0,1
773,52,1,2,1,1,3,2223,24,0,0,0,0,0,0,1,0,0,1
774,66,1,0,0,2,2,1480,12,0,0,1,0,0,0,0,0,0,1
775,25,0,2,2,4,0,1371,24,0,0,1,0,0,0,0,0,0,0
776,37,1,2,1,0,3,3535,36,0,0,1,0,0,0,0,0,0,1
777,25,0,2,1,0,0,3509,18,0,0,0,0,0,0,1,0,0,1
778,38,1,3,1,3,3,5711,36,0,0,1,0,0,0,0,0,0,1
779,67,0,2,1,0,1,3872,18,0,0,0,0,0,0,0,1,0,1
780,25,1,2,1,0,1,4933,39,0,0,0,0,0,0,1,0,0,0
781,60,1,2,1,3,3,1940,24,0,0,1,0,0,0,0,0,0,1
782,31,1,1,1,0,1,1410,12,0,0,0,0,1,0,0,0,0,1
783,23,0,1,1,1,1,836,12,0,0,1,0,0,0,0,0,0,0
784,60,1,3,1,4,1,6468,20,0,0,1,0,0,0,0,0,0,1
785,35,1,1,1,3,1,1941,18,0,1,0,0,0,0,0,0,0,1
786,40,1,2,1,2,3,2675,22,0,0,0,0,0,0,1,0,0,1
787,38,1,2,1,4,3,2751,48,0,0,1,0,0,0,0,0,0,1
788,50,1,2,0,0,1,6224,48,0,0,0,0,1,0,0,0,0,0
789,27,1,2,1,0,0,5998,40,0,0,0,0,1,0,0,0,0,0
790,39,0,2,1,0,1,1188,21,0,1,0,0,0,0,0,0,0,0
791,41,1,3,1,4,3,6313,24,0,0,1,0,0,0,0,0,0,1
792,27,1,2,1,4,3,1221,6,0,0,0,0,0,1,0,0,0,1
793,51,1,2,0,0,2,2892,24,0,0,0,0,0,1,0,0,0,1
794,32,1,2,2,2,3,3062,24,0,0,0,0,0,1,0,0,0,1
795,22,0,2,2,1,3,2301,9,0,0,0,0,0,1,0,0,0,1
796,51,1,2,0,4,0,7511,18,0,0,1,0,0,0,0,0,0,0
797,22,0,1,2,0,3,1258,12,0,0,0,0,0,1,0,0,0,1
798,54,1,2,1,4,3,717,24,0,0,1,0,0,0,0,0,0,1
799,35,1,0,1,4,1,1549,9,0,0,1,0,0,0,0,0,0,1
800,54,1,2,0,0,3,1597,24,0,0,0,0,1,0,0,0,0,1
801,48,0,1,2,0,1,1795,18,0,0,0,0,0,0,1,0,0,1
802,24,0,2,1,0,0,4272,20,0,0,0,0,0,1,0,0,0,1
803,35,1,2,1,4,3,976,12,0,0,0,0,0,0,1,0,0,1
804,24,0,0,2,4,1,7472,12,0,0,1,0,0,0,0,0,0,1
805,24,1,2,1,0,0,9271,36,0,0,1,0,0,0,0,0,0,0
806,26,1,1,1,0,1,590,6,0,0,0,0,0,0,1,0,0,1
807,65,1,2,1,4,3,930,12,0,0,0,0,0,0,1,0,0,1
808,55,1,3,0,0,1,9283,42,0,0,1,0,0,0,0,0,0,1
809,26,0,0,2,0,1,1778,15,0,0,1,0,0,0,0,0,0,0
810,26,1,2,1,0,1,907,8,0,1,0,0,0,0,0,0,0,1
811,28,1,1,1,0,1,484,6,0,0,0,0,0,0,1,0,0,1
812,24,1,2,1,0,0,9629,36,0,0,1,0,0,0,0,0,0,0
813,54,1,2,1,0,0,3051,48,0,0,0,1,0,0,0,0,0,0
814,46,1,2,0,0,0,3931,48,0,0,1,0,0,0,0,0,0,0
815,54,0,2,2,0,1,7432,36,0,0,1,0,0,0,0,0,0,1
816,62,1,2,1,2,3,1338,6,0,0,0,1,0,0,0,0,0,1
817,24,0,2,2,0,3,1554,6,0,0,0,0,0,0,1,0,0,1
818,43,1,3,1,0,0,15857,36,1,0,0,0,0,0,0,0,1,1
819,26,1,2,1,0,0,1345,18,0,0,0,0,0,0,1,0,0,0
820,27,1,2,1,0,3,1101,12,0,0,1,0,0,0,0,0,0,1
821,24,1,2,1,0,2,3016,12,0,0,0,0,0,0,1,0,0,1
822,41,1,2,1,0,0,2712,36,0,0,0,0,0,1,0,0,0,0
823,47,1,1,1,0,0,731,8,0,0,1,0,0,0,0,0,0,1
824,35,1,3,1,0,3,3780,18,0,0,0,0,0,1,0,0,0,1
825,30,1,2,1,0,0,1602,21,0,0,1,0,0,0,0,0,0,1
826,33,0,2,2,0,0,3966,18,0,0,1,0,0,0,0,0,0,0
827,36,1,2,1,0,3,4165,18,0,1,0,0,0,0,0,0,0,0
828,47,1,2,0,4,0,8335,36,0,0,1,0,0,0,0,0,0,0
829,38,1,2,0,4,1,6681,48,0,1,0,0,0,0,0,0,0,1
830,44,1,2,1,2,3,2375,24,0,1,0,0,0,0,0,0,0,1
831,23,0,2,2,0,0,1216,18,0,0,1,0,0,0,0,0,0,0
832,29,1,2,2,0,0,11816,45,0,1,0,0,0,0,0,0,0,0
833,42,0,2,1,4,1,5084,24,0,0,0,0,0,0,1,0,0,1
834,25,0,1,1,0,2,2327,15,0,0,0,0,0,0,1,0,0,0
835,48,1,2,1,0,0,1082,12,0,0,1,0,0,0,0,0,0,0
836,21,0,2,1,4,3,886,12,0,0,0,0,0,0,1,0,0,1
837,23,0,1,2,0,3,601,4,0,0,0,0,0,1,0,0,0,1
838,63,1,2,1,0,0,2957,24,0,0,1,0,0,0,0,0,0,1
839,46,1,2,1,0,3,2611,24,0,0,0,0,0,0,1,0,0,1
840,29,1,2,1,0,0,5179,36,0,0,0,0,0,1,0,0,0,0
841,28,1,1,1,0,3,2993,21,0,0,1,0,0,0,0,0,0,1
842,23,0,2,1,0,3,1943,18,0,0,0,0,0,0,0,1,0,0
843,50,1,2,1,0,3,1559,24,0,1,0,0,0,0,0,0,0,1
844,47,1,2,1,0,3,3422,18,0,0,0,0,0,1,0,0,0,1
845,35,1,2,1,4,1,3976,21,0,0,0,0,0,1,0,0,0,1
846,68,1,2,2,4,3,6761,18,0,0,1,0,0,0,0,0,0,0
847,28,1,2,1,0,3,1249,24,0,0,1,0,0,0,0,0,0,1
848,59,1,2,1,0,0,1364,9,0,0,0,0,0,0,1,0,0,1
849,57,1,1,1,0,0,709,12,0,0,0,0,0,0,1,0,0,0
850,33,1,2,2,0,0,2235,20,0,0,1,0,0,0,0,0,0,0
851,43,1,2,1,4,3,4042,24,0,0,1,0,0,0,0,0,0,1
852,35,1,2,0,0,3,1471,15,0,0,0,0,0,0,1,0,0,1
853,32,1,1,0,0,0,1442,18,0,0,1,0,0,0,0,0,0,0
854,45,1,2,1,0,3,10875,36,0,0,1,0,0,0,0,0,0,1
855,33,1,2,1,1,3,1474,24,0,0,1,0,0,0,0,0,0,1
856,40,0,2,1,4,3,894,10,0,0,0,0,1,0,0,0,0,1
857,28,1,2,0,0,3,3343,15,0,0,0,0,0,1,0,0,0,1
858,29,0,2,1,0,0,3959,15,0,0,1,0,0,0,0,0,0,0
859,26,1,2,2,1,3,3577,9,0,0,1,0,0,0,0,0,0,1
860,27,1,2,1,3,3,5804,24,0,0,1,0,0,0,0,0,0,1
861,28,1,2,1,0,3,2169,18,0,1,0,0,0,0,0,0,0,0
862,35,0,2,1,0,0,2439,24,0,0,0,0,0,0,1,0,0,0
863,32,1,1,1,3,3,4526,27,0,0,0,0,0,1,0,0,0,1
864,25,1,1,2,0,3,2210,10,0,0,0,0,0,1,0,0,0,0
865,20,0,2,2,2,3,2221,15,0,0,0,0,0,1,0,0,0,1
866,27,0,2,1,0,0,2389,18,0,0,0,0,0,0,1,0,0,1
867,42,1,2,1,0,3,3331,12,0,0,0,0,0,1,0,0,0,1
868,37,1,2,1,4,3,7409,36,0,1,0,0,0,0,0,0,0,1
869,24,0,2,2,0,0,652,12,0,0,0,0,0,1,0,0,0,1
870,40,0,2,1,2,3,7678,36,0,0,0,0,0,1,0,0,0,1
871,46,1,2,1,0,2,1343,6,0,0,1,0,0,0,0,0,0,1
872,26,1,2,1,1,0,1382,24,0,1,0,0,0,0,0,0,0,1
873,24,0,2,1,4,3,874,15,0,0,0,1,0,0,0,0,0,1
874,29,1,1,1,0,0,3590,12,0,0,0,0,0,1,0,0,0,1
875,40,0,2,1,3,1,1322,11,0,0,1,0,0,0,0,0,0,1
876,36,1,3,0,0,0,1940,18,0,0,0,0,0,0,1,0,0,1
877,28,1,2,1,0,3,3595,36,0,0,0,0,0,0,1,0,0,1
878,27,1,3,0,0,0,1422,9,0,0,1,0,0,0,0,0,0,0
879,36,1,2,1,4,3,6742,30,0,0,0,0,0,0,1,0,0,1
880,38,1,3,1,0,3,7814,24,0,0,1,0,0,0,0,0,0,1
881,48,1,2,0,4,3,9277,24,0,0,1,0,0,0,0,0,0,1
882,36,1,2,1,4,1,2181,30,0,0,1,0,0,0,0,0,0,1
883,65,0,0,1,0,3,1098,18,0,0,0,0,0,0,1,0,0,1
884,43,1,2,1,0,1,4057,24,0,0,0,0,0,1,0,0,0,0
885,53,0,2,1,0,0,795,12,0,0,0,0,1,0,0,0,0,0
886,34,1,2,1,4,1,2825,24,0,1,0,0,0,0,0,0,0,1
887,23,1,2,1,0,1,15672,48,0,1,0,0,0,0,0,0,0,0
888,34,1,3,1,0,3,6614,36,0,0,1,0,0,0,0,0,0,1
889,40,1,2,2,4,3,7824,28,0,0,1,0,0,0,0,0,0,1
890,43,1,3,1,0,0,2442,27,0,1,0,0,0,0,0,0,0,1
891,46,1,2,1,0,3,1829,15,0,0,0,0,0,0,1,0,0,1
892,38,1,1,1,0,0,2171,12,0,0,1,0,0,0,0,0,0,1
893,34,1,2,1,0,1,5800,36,0,0,1,0,0,0,0,0,0,1
894,29,1,2,1,4,3,1169,18,0,0,0,0,0,0,1,0,0,1
895,31,1,3,1,4,3,8947,36,0,0,1,0,0,0,0,0,0,1
896,28,0,3,2,0,0,2606,21,0,0,0,0,0,0,1,0,0,1
897,35,0,2,1,3,3,1592,12,0,0,0,0,0,1,0,0,0,1
898,33,0,1,2,4,3,2186,15,0,0,0,0,0,1,0,0,0,1
899,42,1,2,1,0,0,4153,18,0,0,0,0,0,1,0,0,0,0
900,43,1,2,2,0,0,2625,16,0,0,1,0,0,0,0,0,0,0
901,44,1,2,1,4,3,3485,20,0,0,1,0,0,0,0,0,0,1
902,42,1,2,0,4,3,10477,36,0,0,1,0,0,0,0,0,0,1
903,40,1,2,2,4,3,1386,15,0,0,0,0,0,0,1,0,0,1
904,36,1,3,1,0,3,1278,24,0,0,0,0,0,0,1,0,0,1
905,20,1,3,2,0,0,1107,12,0,0,0,0,0,0,1,0,0,1
906,24,1,1,1,4,0,3763,21,0,0,1,0,0,0,0,0,0,1
907,27,1,2,1,4,1,3711,36,0,0,0,0,1,0,0,0,0,1
908,46,0,1,1,0,3,3594,15,0,0,1,0,0,0,0,0,0,1
909,33,0,1,1,4,1,3195,9,0,0,1,0,0,0,0,0,0,1
910,34,0,2,1,0,3,4454,36,0,0,0,0,0,0,1,0,0,1
911,25,0,1,1,0,1,4736,24,0,0,0,0,0,1,0,0,0,0
912,25,0,2,1,4,1,2991,30,0,0,0,0,0,0,1,0,0,1
913,28,1,2,1,3,3,2142,11,0,1,0,0,0,0,0,0,0,1
914,31,1,2,2,0,0,3161,24,0,1,0,0,0,0,0,0,0,0
915,32,0,3,1,0,1,18424,48,1,0,0,0,0,0,0,0,1,0
916,32,1,2,1,1,3,2848,10,0,0,1,0,0,0,0,0,0,1
917,68,1,3,1,0,0,14896,6,0,0,1,0,0,0,0,0,0,0
918,33,1,2,1,1,0,2359,24,0,0,0,0,0,1,0,0,0,0
919,39,1,3,2,0,0,3345,24,0,0,0,0,0,1,0,0,0,0
920,28,0,2,1,0,3,1817,18,0,0,0,0,0,1,0,0,0,1
921,37,1,3,1,2,3,12749,48,0,0,0,0,0,0,1,0,0,1
922,22,0,2,2,0,0,1366,9,0,0,0,0,0,0,1,0,0,0
923,30,1,2,2,0,1,2002,12,0,0,1,0,0,0,0,0,0,1
924,55,1,2,1,0,0,6872,24,0,0,0,0,0,1,0,0,0,0
925,46,1,2,1,0,0,697,12,0,0,1,0,0,0,0,0,0,0
926,21,0,2,2,0,0,1049,18,0,0,0,0,0,1,0,0,0,1
927,39,1,2,0,0,0,10297,48,0,0,1,0,0,0,0,0,0,0
928,58,1,2,1,4,3,1867,30,0,0,0,0,0,0,1,0,0,1
929,43,1,1,1,0,0,1344,12,0,0,1,0,0,0,0,0,0,1
930,24,1,1,1,0,0,1747,24,0,0,0,0,0,1,0,0,0,1
931,22,0,2,1,0,1,1670,9,0,0,0,0,0,0,1,0,0,0
932,30,1,2,1,0,3,1224,9,0,0,1,0,0,0,0,0,0,1
933,42,1,2,1,2,3,522,12,0,0,0,0,0,0,1,0,0,1
934,23,0,2,1,0,0,1498,12,0,0,0,0,0,0,1,0,0,1
935,30,1,3,1,1,1,1919,30,0,0,0,0,0,0,1,0,0,0
936,28,0,1,1,0,2,745,9,0,0,0,0,0,0,1,0,0,0
937,30,1,3,2,0,1,2063,6,0,0,0,0,0,0,1,0,0,1
938,42,1,2,0,0,1,6288,60,0,0,0,0,1,0,0,0,0,0
939,46,1,3,1,4,3,6842,24,0,0,1,0,0,0,0,0,0,1
940,45,1,3,1,4,3,3527,12,0,0,1,0,0,0,0,0,0,1
941,31,1,1,1,0,3,1546,10,0,0,1,0,0,0,0,0,0,1
942,31,1,2,1,4,3,929,24,0,0,0,0,0,1,0,0,0,1
943,42,1,1,1,0,3,1455,4,0,0,1,0,0,0,0,0,0,1
944,46,0,2,2,0,0,1845,15,0,0,0,0,0,1,0,0,0,1
945,30,0,2,1,2,1,8358,48,0,0,1,0,0,0,0,0,0,1
946,30,1,2,0,2,0,3349,24,0,0,0,0,0,1,0,0,0,0
947,38,1,3,1,4,3,2859,12,0,0,1,0,0,0,0,0,0,1
948,43,1,1,1,0,3,1533,18,0,0,0,0,0,1,0,0,0,0
949,31,1,2,1,1,3,3621,24,0,0,0,0,0,0,1,0,0,0
950,40,1,0,1,0,1,3590,18,0,1,0,0,0,0,0,0,0,1
951,24,1,2,1,0,0,2145,36,0,1,0,0,0,0,0,0,0,0
952,28,0,2,2,2,1,4113,24,0,0,1,0,0,0,0,0,0,0
953,26,0,3,1,0,3,10974,36,0,0,0,0,0,1,0,0,0,0
954,29,0,2,1,0,0,1893,12,0,0,1,0,0,0,0,0,0,1
955,57,0,3,2,3,0,1231,24,0,0,0,0,0,0,1,0,0,1
956,49,1,1,1,4,2,3656,30,0,0,0,0,0,0,1,0,0,1
957,37,1,1,1,0,1,1154,9,0,0,0,0,0,0,1,0,0,1
958,45,1,1,1,0,0,4006,28,0,0,1,0,0,0,0,0,0,0
959,30,1,2,0,1,1,3069,24,0,0,0,0,0,1,0,0,0,1
960,30,1,2,2,0,3,1740,6,0,0,0,0,0,0,1,0,0,1
961,47,1,2,1,0,1,2353,21,0,0,1,0,0,0,0,0,0,1
962,29,1,2,1,4,3,3556,15,0,0,1,0,0,0,0,0,0,1
963,35,1,2,1,2,3,2397,24,0,0,0,0,0,0,1,0,0,0
964,22,1,1,1,0,1,454,6,0,0,0,0,0,0,0,1,0,1
965,26,0,2,1,4,1,1715,30,0,0,0,0,0,0,1,0,0,1
966,23,1,1,1,2,1,2520,27,0,0,0,0,0,0,1,0,0,0
967,54,0,3,2,0,3,3568,15,0,0,0,0,0,0,1,0,0,1
968,29,1,2,2,4,3,7166,42,0,0,0,0,0,0,1,0,0,1
969,40,1,1,1,0,0,3939,11,0,0,1,0,0,0,0,0,0,1
970,22,1,2,1,1,1,1514,15,0,0,0,0,0,0,0,1,0,1
971,43,1,1,1,0,3,7393,24,0,0,1,0,0,0,0,0,0,1
972,29,0,0,2,0,0,1193,24,0,0,1,0,0,0,0,0,0,0
973,36,1,2,2,0,0,7297,60,0,1,0,0,0,0,0,0,0,0
974,33,0,2,1,0,3,2831,30,0,0,0,0,0,0,1,0,0,1
975,57,0,1,1,2,2,1258,24,0,0,0,0,0,0,1,0,0,1
976,64,0,2,1,0,1,753,6,0,0,0,0,0,0,1,0,0,1
977,42,1,2,1,4,1,2427,18,0,1,0,0,0,0,0,0,0,1
978,47,1,1,1,0,3,2538,24,0,0,1,0,0,0,0,0,0,0
979,25,1,2,2,1,1,1264,15,0,0,1,0,0,0,0,0,0,0
980,49,1,2,1,0,1,8386,30,0,0,0,0,0,1,0,0,0,0
981,33,1,3,2,0,3,4844,48,0,1,0,0,0,0,0,0,0,0
982,28,0,3,1,1,2,2923,21,0,0,1,0,0,0,0,0,0,1
983,26,1,2,1,0,0,8229,36,0,0,1,0,0,0,0,0,0,0
984,30,1,1,1,0,3,2028,24,0,0,0,0,0,1,0,0,0,1
985,25,0,2,2,0,0,1433,15,0,0,0,0,0,1,0,0,0,1
986,33,1,2,1,0,2,6289,42,0,1,0,0,0,0,0,0,0,1
987,64,0,2,1,1,3,1409,13,0,0,0,0,0,0,1,0,0,1
988,29,1,3,0,0,0,6579,24,0,0,1,0,0,0,0,0,0,1
989,48,1,1,1,0,1,1743,24,0,0,0,0,0,0,1,0,0,1
990,37,1,1,1,4,3,3565,12,0,0,0,0,1,0,0,0,0,1
991,34,1,1,1,1,3,1569,15,0,0,0,0,0,0,1,0,0,1
992,23,1,1,2,4,0,1936,18,0,0,0,0,0,0,1,0,0,1
993,30,1,3,1,0,0,3959,36,0,0,0,0,0,1,0,0,0,1
994,50,1,2,1,4,3,2390,12,0,0,1,0,0,0,0,0,0,1
995,31,0,1,1,0,3,1736,12,0,0,0,0,0,1,0,0,0,1
996,40,1,3,1,0,0,3857,30,0,0,1,0,0,0,0,0,0,1
997,38,1,2,1,0,3,804,12,0,0,0,0,0,0,1,0,0,1
998,23,1,2,0,0,0,1845,45,0,0,0,0,0,0,1,0,0,0
999,27,1,2,1,1,1,4576,45,0,0,1,0,0,0,0,0,0,1
